parameter_set,solver,solver_exact,solver_heuristic,source_is_fixture,q,q_bitlength,tail_mass,sd_infinite,log2_sd,renyi,log2_renyi_minus_one,fixed_packed_bits,cumulative_native_bytes,generation_time
frodo640,exact-linf-svp,1,0,0,9733,14,7.19724988889214700e-6,1.41319860752145793e-4,-1.27887481467500500e1,1.02135712022167349e0,-5.54913906156959236e0,182,208,7.931203
frodo976,exact-linf-svp,1,0,0,5966,13,4.21316144223762913e-6,1.02707495970835082e-4,-1.32491709008602014e1,1.00049591786353979e0,-1.09776111857042196e1,143,176,6.809227
frodo1344,exact-linf-svp,1,0,0,11230,14,2.17076392937646300e-6,4.96685116738493662e-5,-1.42973089576380460e1,1.45168476619934420e0,-1.14661183751944525e0,98,112,4.593709
