parameter_set,q,q_bitlength,max_scaled_error,max_absolute_error,sd_infinite,renyi_main,log2_renyi_main_minus_one
frodo640,8536,14,2.65615987413452846e-1,3.11171494158215611e-5,1.25852031591264848e-4,1.00007779633243945e0,-1.36499383307437236e1
frodo976,5966,13,1.74055382992651444e-1,2.91745529655801951e-5,1.02707495970835082e-4,1.00049591786353979e0,-1.09776111857042196e1
frodo1344,1986,11,1.16244791097467083e-1,5.85321203914738586e-5,1.17161752103168034e-4,1.00618361540251200e0,-7.33733369278343385e0
