parameter_set,q,q_bitlength,max_scaled_error,max_absolute_error,sd_infinite,renyi_main,log2_renyi_main_minus_one
frodo640,32664,15,1.83175108091844075e-1,5.60785905253012721e-6,2.57882943290866178e-5,1.00109525088859268e0,-9.83452289952166974e0
frodo976,5966,13,1.74055382992651444e-1,2.91745529655801951e-5,1.02707495970835082e-4,1.00049591786353979e0,-1.09776111857042196e1
frodo1344,102,7,1.47944146608074748e-1,1.45043280988308577e-3,2.09275094909977051e-3,1.01150819403708867e0,-6.44119473842103708e0
