parameter_set,q,draw_bits,acceptance_ratio,sd_infinite,renyi,fixed_packed_bits,selected
frodo640,16384,14,1.00000000000000000e0,9.46037767408663693e-5,1.00012366153562099e0,195,true
frodo976,7442,13,9.08447265625000000e-1,1.02206047789623932e-4,1.00007496465918589e0,143,true
frodo1344,102,7,7.96875000000000000e-1,2.09275094909977051e-3,1.01150819403708867e0,49,true
