parameter_set,q,draw_bits,threshold_bits,power2_ceiling,absolute_power2_gap,relative_power2_gap,acceptance_ratio,expected_attempts,expected_raw_bits,sd_support,sd_infinite,renyi_support,renyi_infinite,baseline_sd_support_ratio,baseline_sd_infinite_ratio,baseline_renyi_support_ratio,baseline_renyi_infinite_ratio,pointwise_error,selected
frodo640,32664,15,15,32768,104,3.17382812500000000e-3,9.96826171875000000e-1,1.00318393338231692e0,1.50477590007347539e1,1.85910444401944708e-5,2.57882943290866178e-5,1.00109525088859268e0,1.00109525088859268e0,2.50789086410990263e-1,2.50789086410990263e-1,1.00087810332293317e0,1.00087810332293317e0,5.60785905253012721e-6,true
frodo976,5966,13,13,8192,2226,2.71728515625000000e-1,7.28271484375000000e-1,1.37311431444854174e0,1.78504860878310426e1,9.84943345285974525e-5,1.02707495970835082e-4,1.00049591786353979e0,1.00049591786353979e0,1.00490624764439876e0,1.00490624764439876e0,1.00042092165010586e0,1.00042092165010586e0,2.91745529655801951e-5,true
frodo1344,102,7,7,128,26,2.03125000000000000e-1,7.96875000000000000e-1,1.25490196078431373e0,8.78431372549019608e0,2.09058018517039405e-3,2.09275094909977051e-3,1.01150819403708867e0,1.01150819403708867e0,1.00000000000000000e0,1.00000000000000000e0,1.00000000000000000e0,1.00000000000000000e0,1.45043280988308577e-3,true
