parameter_set,baseline_table_id,q,sd_support,sd_infinite,renyi_support,renyi_infinite,valid
frodo640,frodo_original_reference,14534,9.56313647774775784e-5,1.02828614666369725e-4,1.00021695705494862e0,1.00021695705494862e0,true
frodo976,frodo_original_reference,7442,9.79928863473863030e-5,1.02206047789623932e-4,1.00007496465918589e0,1.00007496465918589e0,true
frodo1344,frodo_original_reference,102,2.09058018517039405e-3,2.09275094909977051e-3,1.01150819403708867e0,1.01150819403708867e0,true
