parameter_set,q,q_bitlength,max_scaled_error,max_absolute_error,sd_infinite,renyi_main,log2_renyi_main_minus_one
frodo640,8536,14,2.65615987413452846e-1,3.11171494158215611e-5,1.25852031591264848e-4,1.00007779633243945e0,-1.36499383307437236e1
frodo976,278,9,7.44035960231895350e-1,2.67638834615789694e-3,3.82448827625553764e-3,1.05250953914893064e0,-4.25127665589623134e0
frodo1344,88,7,1.53425656829436373e-1,1.74347337306177697e-3,3.33305969437098990e-3,1.17594894974047733e0,-2.50677119238675385e0
