parameter_set,q,q_bitlength,max_scaled_error,max_absolute_error,SD,RD,log2_RD_minus_one
frodo640,9733,14,2.89520451908887704e-1,2.97462706163451869e-5,1.41319860752145793e-4,@Inf@,@Inf@
frodo976,5966,13,1.74055382992651444e-1,2.91745529655801951e-5,1.02707495970835082e-4,@Inf@,@Inf@
frodo1344,11230,14,3.42684288003748568e-1,3.05150746218832207e-5,4.96685116738493662e-5,1.00003822820359629e0,-1.46750030671918159e1
falcon,2361183241434822606847,71,4.98360381126149789e-1,2.11063831210029524e-22,1.04535562431027512e-21,1.00000000000000000e0,-7.13390588475333066e1
