parameter_set,table_kind,solver,denominator_search_exact,fixed_q_normalization_exact,exact_linf_svp,global_svp_certified,source_is_fixture,q,q_bitlength,tail_mass,sd_support,sd_infinite,log2_sd_infinite,renyi_order,renyi_main,log2_renyi_main_minus_one,renyi_hard_constraint,renyi_constraint_satisfied,fixed_packed_bits,cumulative_native_bytes,generation_time
frodo640,sda-cdt,exact-denominator-search,1,1,0,0,0,9733,14,7.19724988889214700e-6,1.34122610863253646e-4,1.41319860752145793e-4,-1.27887481467500500e1,200,1.02135712022167349e0,-5.54913906156959236e0,false,informational,182,208,10.807706
frodo976,sda-cdt,exact-denominator-search,1,1,0,0,0,5966,13,4.21316144223762913e-6,9.84943345285974525e-5,1.02707495970835082e-4,-1.32491709008602014e1,200,1.00049591786353979e0,-1.09776111857042196e1,false,informational,143,176,9.175864
frodo1344,sda-cdt,exact-denominator-search,1,1,0,0,0,11230,14,2.17076392937646300e-6,4.74977477444729032e-5,4.96685116738493662e-5,-1.42973089576380460e1,200,1.45168476619934420e0,-1.14661183751944525e0,false,informational,98,112,6.132610
