parameter_set,q,draw_bits,threshold_bits,power2_ceiling,absolute_power2_gap,relative_power2_gap,acceptance_ratio,expected_attempts,expected_raw_bits,sd_support,sd_infinite,renyi_support,renyi_infinite,baseline_sd_support_ratio,baseline_sd_infinite_ratio,baseline_renyi_support_ratio,baseline_renyi_infinite_ratio,pointwise_error,selected
frodo640,8536,14,14,16384,7848,4.79003906250000000e-1,5.20996093750000000e-1,1.91940018744142455e0,2.68716026241799438e1,1.18654781702372701e-4,1.25852031591264848e-4,1.00007779633243945e0,1.00007779633243945e0,4.84962204692035262e-2,4.84962204692035262e-2,9.68946929594561005e-1,9.68946929594561005e-1,3.11171494158215611e-5,true
frodo976,278,9,9,512,234,4.57031250000000000e-1,5.42968750000000000e-1,1.84172661870503597e0,1.65755395683453237e1,3.82027511481330001e-3,3.82448827625553764e-3,1.05250953914893064e0,1.05250953914893064e0,9.99641319598567447e-1,9.99641319598567447e-1,9.56710539775589081e-1,9.56710539775589081e-1,2.67638834615789694e-3,true
frodo1344,88,7,7,128,40,3.12500000000000000e-1,6.87500000000000000e-1,1.45454545454545455e0,1.01818181818181818e1,3.33088893044161344e-3,3.33305969437098990e-3,1.17594894974047733e0,1.17594894974047733e0,3.16672363430872966e-1,3.16672363430872966e-1,9.38139970600418842e-1,9.38139970600418842e-1,1.74347337306177697e-3,true
