parameter_set,q,draw_bits,acceptance_ratio,sd_infinite,renyi,fixed_packed_bits,selected
frodo640,32664,15,9.96826171875000000e-1,2.57882943290866178e-5,1.00109525088859268e0,195,true
frodo976,5966,13,7.28271484375000000e-1,1.02707495970835082e-4,1.00049591786353979e0,143,true
frodo1344,102,7,7.96875000000000000e-1,2.09275094909977051e-3,1.01150819403708867e0,49,true
