parameter_set,q,q_bitlength,max_scaled_error,max_absolute_error,sd_infinite,renyi_main,log2_renyi_main_minus_one
frodo640,16384,14,4.79497540439840467e-1,2.92662073022363566e-5,9.46037767408663693e-5,1.00012366153562099e0,-1.29813155534330631e1
frodo976,7442,13,2.77919288174755025e-1,3.73447041352801700e-5,1.02206047789623932e-4,1.00007496465918589e0,-1.37034298526098870e1
frodo1344,102,7,1.47944146608074748e-1,1.45043280988308577e-3,2.09275094909977051e-3,1.01150819403708867e0,-6.44119473842103708e0
