parameter_set,q,draw_bits,acceptance_ratio,sd_infinite,renyi,fixed_packed_bits,selected
frodo640,8536,14,5.20996093750000000e-1,1.25852031591264848e-4,1.00007779633243945e0,182,true
frodo976,278,9,5.42968750000000000e-1,3.82448827625553764e-3,1.05250953914893064e0,99,true
frodo1344,88,7,6.87500000000000000e-1,3.33305969437098990e-3,1.17594894974047733e0,49,true
