parameter_set,q,draw_bits,threshold_bits,power2_ceiling,absolute_power2_gap,relative_power2_gap,acceptance_ratio,expected_attempts,expected_raw_bits,sd_support,sd_infinite,renyi_support,renyi_infinite,baseline_sd_support_ratio,baseline_sd_infinite_ratio,baseline_renyi_support_ratio,baseline_renyi_infinite_ratio,pointwise_error,selected
frodo640,16384,14,15,16384,0,0,1.00000000000000000e0,1.00000000000000000e0,1.40000000000000000e1,8.74065268519742223e-5,9.46037767408663693e-5,1.00012366153562099e0,1.00012366153562099e0,9.20014113268091091e-1,9.20014113268091091e-1,9.99906724717402982e-1,9.99906724717402982e-1,2.92662073022363566e-5,true
frodo976,7442,13,13,8192,750,9.15527343750000000e-2,9.08447265625000000e-1,1.10077936038699274e0,1.43101316850309057e1,9.79928863473863030e-5,1.02206047789623932e-4,1.00007496465918589e0,1.00007496465918589e0,1.00000000000000000e0,1.00000000000000000e0,1.00000000000000000e0,1.00000000000000000e0,3.73447041352801700e-5,true
frodo1344,102,7,7,128,26,2.03125000000000000e-1,7.96875000000000000e-1,1.25490196078431373e0,8.78431372549019608e0,2.09058018517039405e-3,2.09275094909977051e-3,1.01150819403708867e0,1.01150819403708867e0,1.00000000000000000e0,1.00000000000000000e0,1.00000000000000000e0,1.00000000000000000e0,1.45043280988308577e-3,true
