parameter_set,q,draw_bits,acceptance_ratio,sd_infinite,renyi,fixed_packed_bits,selected
frodo640,749892,20,7.15152740478515625e-1,8.02518690523715016e-6,1.00000005749245013e0,260,true
frodo976,115956,17,8.84674072265625000e-1,8.39829124181517090e-6,1.00000140134818760e0,187,true
frodo1344,1046,11,5.10742187500000000e-1,2.09337456352063766e-4,1.00010185665578588e0,77,true
