parameter_set,q,q_bitlength,max_scaled_error,max_absolute_error,sd_infinite,renyi_main,log2_renyi_main_minus_one
frodo640,9733,14,2.89520451908887704e-1,2.97462706163451869e-5,1.41319860752145793e-4,1.02135712022167349e0,-5.54913906156959236e0
frodo976,5966,13,1.74055382992651444e-1,2.91745529655801951e-5,1.02707495970835082e-4,1.00049591786353979e0,-1.09776111857042196e1
frodo1344,11230,14,3.42684288003748568e-1,3.05150746218832207e-5,4.96685116738493662e-5,1.45168476619934420e0,-1.14661183751944525e0
